country_name,indicator_name,indicator_code,year,date,value,value_lag1,value_diff,value_pct_change,value_lag2,election_year
Ghana,Annual GDP growth rate,NY.GDP.MKTP.KD.ZG,1960,1960-01-01,NA,NA,NA,NA,NA,TRUE
Ghana,Annual GDP growth rate,NY.GDP.MKTP.KD.ZG,1961,1961-01-01,3.429674015,NA,NA,NA,NA,FALSE
Ghana,Annual GDP growth rate,NY.GDP.MKTP.KD.ZG,1962,1962-01-01,4.109158606,3.429674015,0.6794845910000005,19.811929297892778,NA,FALSE
Ghana,Annual GDP growth rate,NY.GDP.MKTP.KD.ZG,1963,1963-01-01,4.405974199,4.109158606,0.2968155929999998,7.223269322498373,3.429674015,FALSE
Ghana,Annual GDP growth rate,NY.GDP.MKTP.KD.ZG,1964,1964-01-01,2.209327502,4.405974199,-2.1966466970000003,-49.85609533298132,4.109158606,FALSE
Ghana,Annual GDP growth rate,NY.GDP.MKTP.KD.ZG,1965,1965-01-01,1.36899887,2.209327502,-0.8403286319999999,-38.03549411480598,4.405974199,FALSE
Ghana,Annual GDP growth rate,NY.GDP.MKTP.KD.ZG,1966,1966-01-01,-4.25829037,1.36899887,-5.62728924,-411.05141598838577,2.209327502,FALSE
Ghana,Annual GDP growth rate,NY.GDP.MKTP.KD.ZG,1967,1967-01-01,3.07536405,-4.25829037,7.33365442,-172.22062806393353,1.36899887,FALSE
Ghana,Annual GDP growth rate,NY.GDP.MKTP.KD.ZG,1968,1968-01-01,0.368860329,3.07536405,-2.7065037210000003,-88.00596212341105,-4.25829037,FALSE
Ghana,Annual GDP growth rate,NY.GDP.MKTP.KD.ZG,1969,1969-01-01,6.006174966,0.368860329,5.637314636999999,1528.306026371299,3.07536405,TRUE
Ghana,Annual GDP growth rate,NY.GDP.MKTP.KD.ZG,1970,1970-01-01,9.723472587,6.006174966,3.717297621,61.891264274567924,0.368860329,FALSE
Ghana,Annual GDP growth rate,NY.GDP.MKTP.KD.ZG,1971,1971-01-01,5.216124557,9.723472587,-4.50734803,-46.35533231230778,6.006174966,FALSE
Ghana,Annual GDP growth rate,NY.GDP.MKTP.KD.ZG,1972,1972-01-01,-2.487655402,5.216124557,-7.703779959,-147.69164107980487,9.723472587,FALSE
Ghana,Annual GDP growth rate,NY.GDP.MKTP.KD.ZG,1973,1973-01-01,2.884584195,-2.487655402,5.372239597,-215.95593958395045,5.216124557,FALSE
Ghana,Annual GDP growth rate,NY.GDP.MKTP.KD.ZG,1974,1974-01-01,6.852516832,2.884584195,3.967932637,137.5564853984094,-2.487655402,FALSE
Ghana,Annual GDP growth rate,NY.GDP.MKTP.KD.ZG,1975,1975-01-01,-12.43162902,6.852516832,-19.284145852,-281.41697896963296,2.884584195,FALSE
Ghana,Annual GDP growth rate,NY.GDP.MKTP.KD.ZG,1976,1976-01-01,-3.530182806,-12.43162902,8.901446214,-71.60321627744325,6.852516832,FALSE
Ghana,Annual GDP growth rate,NY.GDP.MKTP.KD.ZG,1977,1977-01-01,2.274107242,-3.530182806,5.804290048,-164.41896544662964,-12.43162902,FALSE
Ghana,Annual GDP growth rate,NY.GDP.MKTP.KD.ZG,1978,1978-01-01,8.475935602,2.274107242,6.20182836,272.71485906468087,-3.530182806,FALSE
Ghana,Annual GDP growth rate,NY.GDP.MKTP.KD.ZG,1979,1979-01-01,-2.51494142,8.475935602,-10.990877022,-129.6715494087351,2.274107242,TRUE
Ghana,Annual GDP growth rate,NY.GDP.MKTP.KD.ZG,1980,1980-01-01,0.471695943,-2.51494142,2.986637363,-118.7557427480756,8.475935602,FALSE
Ghana,Annual GDP growth rate,NY.GDP.MKTP.KD.ZG,1981,1981-01-01,-3.503066947,0.471695943,-3.97476289,-842.6536095944332,-2.51494142,FALSE
Ghana,Annual GDP growth rate,NY.GDP.MKTP.KD.ZG,1982,1982-01-01,-6.923650411,-3.503066947,-3.4205834639999995,97.64539233055083,0.471695943,FALSE
Ghana,Annual GDP growth rate,NY.GDP.MKTP.KD.ZG,1983,1983-01-01,-4.563737505,-6.923650411,2.359912906,-34.08480737633245,-3.503066947,FALSE
Ghana,Annual GDP growth rate,NY.GDP.MKTP.KD.ZG,1984,1984-01-01,8.647569457,-4.563737505,13.211306961999998,-289.4843743209547,-6.923650411,FALSE
Ghana,Annual GDP growth rate,NY.GDP.MKTP.KD.ZG,1985,1985-01-01,5.091617272,8.647569457,-3.5559521849999998,-41.12082825910745,-4.563737505,FALSE
Ghana,Annual GDP growth rate,NY.GDP.MKTP.KD.ZG,1986,1986-01-01,5.19916068,5.091617272,0.10754340800000062,2.1121659829266255,8.647569457,FALSE
Ghana,Annual GDP growth rate,NY.GDP.MKTP.KD.ZG,1987,1987-01-01,4.794898879,5.19916068,-0.40426180100000053,-7.77552043265569,5.091617272,FALSE
Ghana,Annual GDP growth rate,NY.GDP.MKTP.KD.ZG,1988,1988-01-01,5.628168764,4.794898879,0.833269885,17.378257728216838,5.19916068,FALSE
Ghana,Annual GDP growth rate,NY.GDP.MKTP.KD.ZG,1989,1989-01-01,5.0858727,5.628168764,-0.5422960639999994,-9.635390954669665,4.794898879,FALSE
Ghana,Annual GDP growth rate,NY.GDP.MKTP.KD.ZG,1990,1990-01-01,3.328817883,5.0858727,-1.7570548170000002,-34.54775454761186,5.628168764,FALSE
Ghana,Annual GDP growth rate,NY.GDP.MKTP.KD.ZG,1991,1991-01-01,5.281826398,3.328817883,1.9530085149999996,58.669731527634895,5.0858727,FALSE
Ghana,Annual GDP growth rate,NY.GDP.MKTP.KD.ZG,1992,1992-01-01,3.87941908,5.281826398,-1.4024073179999998,-26.551560243082413,3.328817883,TRUE
Ghana,Annual GDP growth rate,NY.GDP.MKTP.KD.ZG,1993,1993-01-01,4.850000554,3.87941908,0.9705814740000003,25.018732289165325,5.281826398,FALSE
Ghana,Annual GDP growth rate,NY.GDP.MKTP.KD.ZG,1994,1994-01-01,3.299999739,4.850000554,-1.5500008150000002,-31.958776040172804,3.87941908,FALSE
Ghana,Annual GDP growth rate,NY.GDP.MKTP.KD.ZG,1995,1995-01-01,4.112418972,3.299999739,0.8124192330000004,24.618766583484277,4.850000554,FALSE
Ghana,Annual GDP growth rate,NY.GDP.MKTP.KD.ZG,1996,1996-01-01,4.602461156,4.112418972,0.490042184,11.916154150064065,3.299999739,TRUE
Ghana,Annual GDP growth rate,NY.GDP.MKTP.KD.ZG,1997,1997-01-01,4.19635744,4.602461156,-0.4061037160000005,-8.823620715855107,4.112418972,FALSE
Ghana,Annual GDP growth rate,NY.GDP.MKTP.KD.ZG,1998,1998-01-01,4.700390784,4.19635744,0.5040333439999998,12.01121094203071,4.602461156,FALSE
Ghana,Annual GDP growth rate,NY.GDP.MKTP.KD.ZG,1999,1999-01-01,4.399996825,4.700390784,-0.300393959,-6.390829460872332,4.19635744,FALSE
Ghana,Annual GDP growth rate,NY.GDP.MKTP.KD.ZG,2000,2000-01-01,3.700000082,4.399996825,-0.6999967429999998,-15.909028366173875,4.700390784,TRUE
Ghana,Annual GDP growth rate,NY.GDP.MKTP.KD.ZG,2001,2001-01-01,4.000000128,3.700000082,0.3000000460000001,8.108109171658123,4.399996825,FALSE
Ghana,Annual GDP growth rate,NY.GDP.MKTP.KD.ZG,2002,2002-01-01,4.499999559,4.000000128,0.499999431,12.499985375000469,3.700000082,FALSE
Ghana,Annual GDP growth rate,NY.GDP.MKTP.KD.ZG,2003,2003-01-01,5.200000133,4.499999559,0.7000005739999997,15.555569835556948,4.000000128,FALSE
Ghana,Annual GDP growth rate,NY.GDP.MKTP.KD.ZG,2004,2004-01-01,5.599999991,5.200000133,0.39999985800000015,7.692304764792977,4.499999559,TRUE
Ghana,Annual GDP growth rate,NY.GDP.MKTP.KD.ZG,2005,2005-01-01,5.900003819,5.599999991,0.30000382800000036,5.357211222895525,5.200000133,FALSE
Ghana,Annual GDP growth rate,NY.GDP.MKTP.KD.ZG,2006,2006-01-01,6.399912606,5.900003819,0.49990878699999985,8.473024803647162,5.599999991,FALSE
Ghana,Annual GDP growth rate,NY.GDP.MKTP.KD.ZG,2007,2007-01-01,4.346819104,6.399912606,-2.0530935020000003,-32.080024031503164,5.900003819,FALSE
Ghana,Annual GDP growth rate,NY.GDP.MKTP.KD.ZG,2008,2008-01-01,9.149798938,4.346819104,4.802979834,110.49412729368552,6.399912606,TRUE
Ghana,Annual GDP growth rate,NY.GDP.MKTP.KD.ZG,2009,2009-01-01,4.844487052,9.149798938,-4.305311886,-47.05362287382757,4.346819104,FALSE
Ghana,Annual GDP growth rate,NY.GDP.MKTP.KD.ZG,2010,2010-01-01,7.899711941,4.844487052,3.0552248889999998,63.06601413535989,9.149798938,FALSE
Ghana,Annual GDP growth rate,NY.GDP.MKTP.KD.ZG,2011,2011-01-01,14.04712358,7.899711941,6.1474116389999995,77.81817469944123,4.844487052,FALSE
Ghana,Annual GDP growth rate,NY.GDP.MKTP.KD.ZG,2012,2012-01-01,9.292789406,14.04712358,-4.7543341739999985,-33.84560651811393,7.899711941,TRUE
Ghana,Annual GDP growth rate,NY.GDP.MKTP.KD.ZG,2013,2013-01-01,7.312525017,9.292789406,-1.9802643890000011,-21.30968757046641,14.04712358,FALSE
Ghana,Annual GDP growth rate,NY.GDP.MKTP.KD.ZG,2014,2014-01-01,2.856240163,7.312525017,-4.456284854,-60.94043909101337,9.292789406,FALSE
Ghana,Annual GDP growth rate,NY.GDP.MKTP.KD.ZG,2015,2015-01-01,2.120759338,2.856240163,-0.7354808249999998,-25.749964394713253,7.312525017,FALSE
Ghana,Annual GDP growth rate,NY.GDP.MKTP.KD.ZG,2016,2016-01-01,3.37346575,2.120759338,1.2527064119999998,59.06876794334311,2.856240163,TRUE
Ghana,Annual GDP growth rate,NY.GDP.MKTP.KD.ZG,2017,2017-01-01,8.128894881,3.37346575,4.755429131000001,140.96568583807326,2.120759338,FALSE
Ghana,Annual GDP growth rate,NY.GDP.MKTP.KD.ZG,2018,2018-01-01,6.200077681,8.128894881,-1.928817200000001,-23.727914165901005,3.37346575,FALSE
Ghana,Annual GDP growth rate,NY.GDP.MKTP.KD.ZG,2019,2019-01-01,6.507774794,6.200077681,0.3076971130000006,4.962794481477733,8.128894881,FALSE
Ghana,Annual GDP growth rate,NY.GDP.MKTP.KD.ZG,2020,2020-01-01,0.513941671,6.507774794,-5.993833123,-92.10265125532861,6.200077681,TRUE
Ghana,Annual GDP growth rate,NY.GDP.MKTP.KD.ZG,2021,2021-01-01,5.076466435,0.513941671,4.562524764000001,887.7514748166823,6.507774794,FALSE
Ghana,Annual GDP growth rate,NY.GDP.MKTP.KD.ZG,2022,2022-01-01,3.80484981,5.076466435,-1.2716166250000005,-25.049247173836587,0.513941671,FALSE
Ghana,Annual GDP growth rate,NY.GDP.MKTP.KD.ZG,2023,2023-01-01,3.140090998,3.80484981,-0.6647588120000001,-17.471354854871397,5.076466435,FALSE
Ghana,Annual GDP growth rate,NY.GDP.MKTP.KD.ZG,2024,2024-01-01,5.684872604,3.140090998,2.544781606,81.04165158337237,3.80484981,TRUE
Ghana,Cereal yield _kg per hectare,AG.YLD.CREL.KG,1960,1960-01-01,NA,NA,NA,NA,NA,TRUE
Ghana,Cereal yield _kg per hectare,AG.YLD.CREL.KG,1961,1961-01-01,816.4,NA,NA,NA,NA,FALSE
Ghana,Cereal yield _kg per hectare,AG.YLD.CREL.KG,1962,1962-01-01,809.6,816.4,-6.7999999999999545,-0.8329250367466873,NA,FALSE
Ghana,Cereal yield _kg per hectare,AG.YLD.CREL.KG,1963,1963-01-01,788.2,809.6,-21.399999999999977,-2.6432806324110643,816.4,FALSE
Ghana,Cereal yield _kg per hectare,AG.YLD.CREL.KG,1964,1964-01-01,777.6,788.2,-10.600000000000023,-1.3448363359553441,809.6,FALSE
Ghana,Cereal yield _kg per hectare,AG.YLD.CREL.KG,1965,1965-01-01,809.2,777.6,31.600000000000023,4.063786008230456,788.2,FALSE
Ghana,Cereal yield _kg per hectare,AG.YLD.CREL.KG,1966,1966-01-01,1088.7,809.2,279.5,34.540286702916454,777.6,FALSE
Ghana,Cereal yield _kg per hectare,AG.YLD.CREL.KG,1967,1967-01-01,916.1,1088.7,-172.60000000000002,-15.853770552034538,809.2,FALSE
Ghana,Cereal yield _kg per hectare,AG.YLD.CREL.KG,1968,1968-01-01,859.3,916.1,-56.80000000000007,-6.200196485099887,1088.7,FALSE
Ghana,Cereal yield _kg per hectare,AG.YLD.CREL.KG,1969,1969-01-01,824.8,859.3,-34.5,-4.014895845455603,916.1,TRUE
Ghana,Cereal yield _kg per hectare,AG.YLD.CREL.KG,1970,1970-01-01,858.2,824.8,33.40000000000009,4.049466537342397,859.3,FALSE
Ghana,Cereal yield _kg per hectare,AG.YLD.CREL.KG,1971,1971-01-01,860.7,858.2,2.5,0.2913073875553484,824.8,FALSE
Ghana,Cereal yield _kg per hectare,AG.YLD.CREL.KG,1972,1972-01-01,867.1,860.7,6.399999999999977,0.7435808063204341,858.2,FALSE
Ghana,Cereal yield _kg per hectare,AG.YLD.CREL.KG,1973,1973-01-01,863.7,867.1,-3.3999999999999773,-0.3921116364894449,860.7,FALSE
Ghana,Cereal yield _kg per hectare,AG.YLD.CREL.KG,1974,1974-01-01,957.1,863.7,93.39999999999998,10.813940025471803,867.1,FALSE
Ghana,Cereal yield _kg per hectare,AG.YLD.CREL.KG,1975,1975-01-01,834.3,957.1,-122.80000000000007,-12.830425242921331,863.7,FALSE
Ghana,Cereal yield _kg per hectare,AG.YLD.CREL.KG,1976,1976-01-01,816.7,834.3,-17.59999999999991,-2.109552918614397,957.1,FALSE
Ghana,Cereal yield _kg per hectare,AG.YLD.CREL.KG,1977,1977-01-01,832,816.7,15.299999999999955,1.8733929227378419,834.3,FALSE
Ghana,Cereal yield _kg per hectare,AG.YLD.CREL.KG,1978,1978-01-01,837.2,832,5.2000000000000455,0.6250000000000056,816.7,FALSE
Ghana,Cereal yield _kg per hectare,AG.YLD.CREL.KG,1979,1979-01-01,844.2,837.2,7,0.8361204013377926,832,TRUE
Ghana,Cereal yield _kg per hectare,AG.YLD.CREL.KG,1980,1980-01-01,717.8,844.2,-126.40000000000009,-14.972755271262745,837.2,FALSE
Ghana,Cereal yield _kg per hectare,AG.YLD.CREL.KG,1981,1981-01-01,860,717.8,142.20000000000005,19.81053218166621,844.2,FALSE
Ghana,Cereal yield _kg per hectare,AG.YLD.CREL.KG,1982,1982-01-01,764,860,-96,-11.162790697674419,717.8,FALSE
Ghana,Cereal yield _kg per hectare,AG.YLD.CREL.KG,1983,1983-01-01,517.4,764,-246.60000000000002,-32.27748691099477,860,FALSE
Ghana,Cereal yield _kg per hectare,AG.YLD.CREL.KG,1984,1984-01-01,840.1,517.4,322.70000000000005,62.369540007730976,764,FALSE
Ghana,Cereal yield _kg per hectare,AG.YLD.CREL.KG,1985,1985-01-01,890.7,840.1,50.60000000000002,6.023092488989409,517.4,FALSE
Ghana,Cereal yield _kg per hectare,AG.YLD.CREL.KG,1986,1986-01-01,984.8,890.7,94.09999999999991,10.564724374087785,840.1,FALSE
Ghana,Cereal yield _kg per hectare,AG.YLD.CREL.KG,1987,1987-01-01,938.6,984.8,-46.19999999999993,-4.691307879772536,890.7,FALSE
Ghana,Cereal yield _kg per hectare,AG.YLD.CREL.KG,1988,1988-01-01,1095.8,938.6,157.19999999999993,16.748348604304276,984.8,FALSE
Ghana,Cereal yield _kg per hectare,AG.YLD.CREL.KG,1989,1989-01-01,1012.9,1095.8,-82.89999999999998,-7.5652491330534755,938.6,FALSE
Ghana,Cereal yield _kg per hectare,AG.YLD.CREL.KG,1990,1990-01-01,989.2,1012.9,-23.699999999999932,-2.3398163688419324,1095.8,FALSE
Ghana,Cereal yield _kg per hectare,AG.YLD.CREL.KG,1991,1991-01-01,1220.8,989.2,231.5999999999999,23.412858875859268,1012.9,FALSE
Ghana,Cereal yield _kg per hectare,AG.YLD.CREL.KG,1992,1992-01-01,1042.1,1220.8,-178.70000000000005,-14.637942332896467,989.2,TRUE
Ghana,Cereal yield _kg per hectare,AG.YLD.CREL.KG,1993,1993-01-01,1340.2,1042.1,298.10000000000014,28.60570002878804,1220.8,FALSE
Ghana,Cereal yield _kg per hectare,AG.YLD.CREL.KG,1994,1994-01-01,1327.5,1340.2,-12.700000000000045,-0.9476197582450415,1042.1,FALSE
Ghana,Cereal yield _kg per hectare,AG.YLD.CREL.KG,1995,1995-01-01,1354.1,1327.5,26.59999999999991,2.003766478342743,1340.2,FALSE
Ghana,Cereal yield _kg per hectare,AG.YLD.CREL.KG,1996,1996-01-01,1389.2,1354.1,35.100000000000136,2.5921276124363146,1327.5,TRUE
Ghana,Cereal yield _kg per hectare,AG.YLD.CREL.KG,1997,1997-01-01,1321.7,1389.2,-67.5,-4.858911603800749,1354.1,FALSE
Ghana,Cereal yield _kg per hectare,AG.YLD.CREL.KG,1998,1998-01-01,1333.8,1321.7,12.099999999999909,0.9154876295679737,1389.2,FALSE
Ghana,Cereal yield _kg per hectare,AG.YLD.CREL.KG,1999,1999-01-01,1297,1333.8,-36.799999999999955,-2.7590343379817033,1321.7,FALSE
Ghana,Cereal yield _kg per hectare,AG.YLD.CREL.KG,2000,2000-01-01,1309.2,1297,12.200000000000045,0.9406322282189704,1333.8,TRUE
Ghana,Cereal yield _kg per hectare,AG.YLD.CREL.KG,2001,2001-01-01,1186.1,1309.2,-123.10000000000014,-9.402688664833496,1297,FALSE
Ghana,Cereal yield _kg per hectare,AG.YLD.CREL.KG,2002,2002-01-01,1349,1186.1,162.9000000000001,13.734086501981292,1309.2,FALSE
Ghana,Cereal yield _kg per hectare,AG.YLD.CREL.KG,2003,2003-01-01,1396.4,1349,47.40000000000009,3.513713862120096,1186.1,FALSE
Ghana,Cereal yield _kg per hectare,AG.YLD.CREL.KG,2004,2004-01-01,1373.3,1396.4,-23.100000000000136,-1.654253795474086,1349,TRUE
Ghana,Cereal yield _kg per hectare,AG.YLD.CREL.KG,2005,2005-01-01,1432.3,1373.3,59,4.296220782057817,1396.4,FALSE
Ghana,Cereal yield _kg per hectare,AG.YLD.CREL.KG,2006,2006-01-01,1334.5,1432.3,-97.79999999999995,-6.828178454234444,1373.3,FALSE
Ghana,Cereal yield _kg per hectare,AG.YLD.CREL.KG,2007,2007-01-01,1317,1334.5,-17.5,-1.3113525665043086,1432.3,FALSE
Ghana,Cereal yield _kg per hectare,AG.YLD.CREL.KG,2008,2008-01-01,1598.1,1317,281.0999999999999,21.343963553530745,1334.5,TRUE
Ghana,Cereal yield _kg per hectare,AG.YLD.CREL.KG,2009,2009-01-01,1659.8,1598.1,61.700000000000045,3.860834741255244,1317,FALSE
Ghana,Cereal yield _kg per hectare,AG.YLD.CREL.KG,2010,2010-01-01,1814.3,1659.8,154.5,9.308350403663091,1598.1,FALSE
Ghana,Cereal yield _kg per hectare,AG.YLD.CREL.KG,2011,2011-01-01,1594.2,1814.3,-220.0999999999999,-12.131400540153223,1659.8,FALSE
Ghana,Cereal yield _kg per hectare,AG.YLD.CREL.KG,2012,2012-01-01,1768.1,1594.2,173.89999999999986,10.908292560531919,1814.3,TRUE
Ghana,Cereal yield _kg per hectare,AG.YLD.CREL.KG,2013,2013-01-01,1688.8,1768.1,-79.29999999999995,-4.4850404388892,1594.2,FALSE
Ghana,Cereal yield _kg per hectare,AG.YLD.CREL.KG,2014,2014-01-01,1703.4,1688.8,14.600000000000136,0.8645191852202829,1768.1,FALSE
Ghana,Cereal yield _kg per hectare,AG.YLD.CREL.KG,2015,2015-01-01,1830.3,1703.4,126.89999999999986,7.449806269813306,1688.8,FALSE
Ghana,Cereal yield _kg per hectare,AG.YLD.CREL.KG,2016,2016-01-01,1842.4,1830.3,12.100000000000136,0.6610938097579707,1703.4,TRUE
Ghana,Cereal yield _kg per hectare,AG.YLD.CREL.KG,2017,2017-01-01,1930.7,1842.4,88.29999999999995,4.792661745549281,1830.3,FALSE
Ghana,Cereal yield _kg per hectare,AG.YLD.CREL.KG,2018,2018-01-01,2172.6,1930.7,241.89999999999986,12.529134510799183,1842.4,FALSE
Ghana,Cereal yield _kg per hectare,AG.YLD.CREL.KG,2019,2019-01-01,2346.2,2172.6,173.5999999999999,7.990426217435327,1930.7,FALSE
Ghana,Cereal yield _kg per hectare,AG.YLD.CREL.KG,2020,2020-01-01,2410.8,2346.2,64.60000000000036,2.753388457931991,2172.6,TRUE
Ghana,Cereal yield _kg per hectare,AG.YLD.CREL.KG,2021,2021-01-01,2360.5,2410.8,-50.30000000000018,-2.0864443338311007,2346.2,FALSE
Ghana,Cereal yield _kg per hectare,AG.YLD.CREL.KG,2022,2022-01-01,2503.9,2360.5,143.4000000000001,6.0749841135352725,2410.8,FALSE
Ghana,Cereal yield _kg per hectare,AG.YLD.CREL.KG,2023,2023-01-01,NA,2503.9,NA,NA,2360.5,FALSE
Ghana,Cereal yield _kg per hectare,AG.YLD.CREL.KG,2024,2024-01-01,NA,NA,NA,NA,2503.9,TRUE
Ghana,GDP per capita usd,NY.GDP.PCAP.CD,1960,1960-01-01,174.8588565,NA,NA,NA,NA,TRUE
Ghana,GDP per capita usd,NY.GDP.PCAP.CD,1961,1961-01-01,181.8700108,174.8588565,7.011154299999987,4.0096077718545455,NA,FALSE
Ghana,GDP per capita usd,NY.GDP.PCAP.CD,1962,1962-01-01,188.4210163,181.8700108,6.551005500000002,3.6020262335630777,174.8588565,FALSE
Ghana,GDP per capita usd,NY.GDP.PCAP.CD,1963,1963-01-01,205.0374224,188.4210163,16.616406100000006,8.818764714411536,181.8700108,FALSE
Ghana,GDP per capita usd,NY.GDP.PCAP.CD,1964,1964-01-01,224.9681544,205.0374224,19.930732000000006,9.720533825829058,188.4210163,FALSE
Ghana,GDP per capita usd,NY.GDP.PCAP.CD,1965,1965-01-01,260.5055952,224.9681544,35.53744080000001,15.796653928543769,205.0374224,FALSE
Ghana,GDP per capita usd,NY.GDP.PCAP.CD,1966,1966-01-01,263.3345894,260.5055952,2.828994200000011,1.0859629321312985,224.9681544,FALSE
Ghana,GDP per capita usd,NY.GDP.PCAP.CD,1967,1967-01-01,211.2192965,263.3345894,-52.115292900000014,-19.79052315867169,260.5055952,FALSE
Ghana,GDP per capita usd,NY.GDP.PCAP.CD,1968,1968-01-01,196.6685718,211.2192965,-14.550724700000018,-6.888918266991774,263.3345894,FALSE
Ghana,GDP per capita usd,NY.GDP.PCAP.CD,1969,1969-01-01,225.772622,196.6685718,29.104050200000017,14.798526238140921,211.2192965,TRUE
Ghana,GDP per capita usd,NY.GDP.PCAP.CD,1970,1970-01-01,248.1598694,225.772622,22.38724739999998,9.915837979682044,196.6685718,FALSE
Ghana,GDP per capita usd,NY.GDP.PCAP.CD,1971,1971-01-01,263.4087879,248.1598694,15.248918500000002,6.144796310889742,225.772622,FALSE
Ghana,GDP per capita usd,NY.GDP.PCAP.CD,1972,1972-01-01,223.8028638,263.4087879,-39.60592409999998,-15.035916005595038,248.1598694,FALSE
Ghana,GDP per capita usd,NY.GDP.PCAP.CD,1973,1973-01-01,309.5095523,223.8028638,85.70668849999998,38.29561742185356,263.4087879,FALSE
Ghana,GDP per capita usd,NY.GDP.PCAP.CD,1974,1974-01-01,289.4258568,309.5095523,-20.083695499999976,-6.488877435528498,223.8028638,FALSE
Ghana,GDP per capita usd,NY.GDP.PCAP.CD,1975,1975-01-01,272.9767152,289.4258568,-16.44914160000002,-5.683369752055967,309.5095523,FALSE
Ghana,GDP per capita usd,NY.GDP.PCAP.CD,1976,1976-01-01,260.9982958,272.9767152,-11.978419400000007,-4.388073682850151,289.4258568,FALSE
Ghana,GDP per capita usd,NY.GDP.PCAP.CD,1977,1977-01-01,292.2897981,260.9982958,31.29150229999999,11.9891596242369,272.9767152,FALSE
Ghana,GDP per capita usd,NY.GDP.PCAP.CD,1978,1978-01-01,325.5984767,292.2897981,33.30867860000001,11.395771873161388,260.9982958,FALSE
Ghana,GDP per capita usd,NY.GDP.PCAP.CD,1979,1979-01-01,346.6534038,325.5984767,21.054927099999986,6.466531205365429,292.2897981,TRUE
Ghana,GDP per capita usd,NY.GDP.PCAP.CD,1980,1980-01-01,372.2520264,346.6534038,25.5986226,7.384500575903476,325.5984767,FALSE
Ghana,GDP per capita usd,NY.GDP.PCAP.CD,1981,1981-01-01,343.7991267,372.2520264,-28.45289969999999,-7.643450587808537,346.6534038,FALSE
Ghana,GDP per capita usd,NY.GDP.PCAP.CD,1982,1982-01-01,319.2069103,343.7991267,-24.592216399999984,-7.1530770412512465,372.2520264,FALSE
Ghana,GDP per capita usd,NY.GDP.PCAP.CD,1983,1983-01-01,311.3834382,319.2069103,-7.823472100000004,-2.4509093780730735,343.7991267,FALSE
Ghana,GDP per capita usd,NY.GDP.PCAP.CD,1984,1984-01-01,329.9988889,311.3834382,18.615450699999997,5.9783046932776776,319.2069103,FALSE
Ghana,GDP per capita usd,NY.GDP.PCAP.CD,1985,1985-01-01,329.7146049,329.9988889,-0.28428400000001375,-0.0861469567208636,311.3834382,FALSE
Ghana,GDP per capita usd,NY.GDP.PCAP.CD,1986,1986-01-01,410.7116584,329.7146049,80.99705349999999,24.565807002867164,329.9988889,FALSE
Ghana,GDP per capita usd,NY.GDP.PCAP.CD,1987,1987-01-01,355.1537249,410.7116584,-55.55793349999999,-13.527235558989428,329.7146049,FALSE
Ghana,GDP per capita usd,NY.GDP.PCAP.CD,1988,1988-01-01,355.1218449,355.1537249,-0.03188000000000102,-0.008976394660925327,410.7116584,FALSE
Ghana,GDP per capita usd,NY.GDP.PCAP.CD,1989,1989-01-01,349.9649419,355.1218449,-5.156903,-1.4521503179992068,355.1537249,FALSE
Ghana,GDP per capita usd,NY.GDP.PCAP.CD,1990,1990-01-01,382.5424637,349.9649419,32.5775218,9.308795796268301,355.1218449,FALSE
Ghana,GDP per capita usd,NY.GDP.PCAP.CD,1991,1991-01-01,418.2541213,382.5424637,35.711657600000024,9.335344697316025,349.9649419,FALSE
Ghana,GDP per capita usd,NY.GDP.PCAP.CD,1992,1992-01-01,396.4264076,418.2541213,-21.827713700000004,-5.2187683488105305,382.5424637,TRUE
Ghana,GDP per capita usd,NY.GDP.PCAP.CD,1993,1993-01-01,359.8008441,396.4264076,-36.6255635,-9.238931311799925,418.2541213,FALSE
Ghana,GDP per capita usd,NY.GDP.PCAP.CD,1994,1994-01-01,320.5039034,359.8008441,-39.29694069999999,-10.921858951803385,396.4264076,FALSE
Ghana,GDP per capita usd,NY.GDP.PCAP.CD,1995,1995-01-01,371.537243,320.5039034,51.03333959999998,15.922844950911127,359.8008441,FALSE
Ghana,GDP per capita usd,NY.GDP.PCAP.CD,1996,1996-01-01,389.2712679,371.537243,17.73402490000001,4.773148650403267,320.5039034,TRUE
Ghana,GDP per capita usd,NY.GDP.PCAP.CD,1997,1997-01-01,377.8419355,389.2712679,-11.429332400000021,-2.9360842534456215,371.537243,FALSE
Ghana,GDP per capita usd,NY.GDP.PCAP.CD,1998,1998-01-01,400.3667995,377.8419355,22.524864000000036,5.961451571063116,389.2712679,FALSE
Ghana,GDP per capita usd,NY.GDP.PCAP.CD,1999,1999-01-01,403.0373261,400.3667995,2.6705265999999597,0.6670199934997256,377.8419355,FALSE
Ghana,GDP per capita usd,NY.GDP.PCAP.CD,2000,2000-01-01,253.7469362,403.0373261,-149.29038989999998,-37.04133097165265,400.3667995,TRUE
Ghana,GDP per capita usd,NY.GDP.PCAP.CD,2001,2001-01-01,263.5421565,253.7469362,9.795220299999983,3.860231948684306,403.0373261,FALSE
Ghana,GDP per capita usd,NY.GDP.PCAP.CD,2002,2002-01-01,297.4616447,263.5421565,33.919488200000046,12.870611916693505,253.7469362,FALSE
Ghana,GDP per capita usd,NY.GDP.PCAP.CD,2003,2003-01-01,358.3992714,297.4616447,60.93762669999995,20.485877014987118,263.5421565,FALSE
Ghana,GDP per capita usd,NY.GDP.PCAP.CD,2004,2004-01-01,406.1321053,358.3992714,47.7328339,13.318340105308598,297.4616447,TRUE
Ghana,GDP per capita usd,NY.GDP.PCAP.CD,2005,2005-01-01,478.6119092,406.1321053,72.47980390000004,17.846361554317642,358.3992714,FALSE
Ghana,GDP per capita usd,NY.GDP.PCAP.CD,2006,2006-01-01,906.4410276,478.6119092,427.82911839999997,89.38956807721658,406.1321053,FALSE
Ghana,GDP per capita usd,NY.GDP.PCAP.CD,2007,2007-01-01,1050.124615,906.4410276,143.68358739999996,15.85139937679493,478.6119092,FALSE
Ghana,GDP per capita usd,NY.GDP.PCAP.CD,2008,2008-01-01,1182.657613,1050.124615,132.53299800000013,12.620692449914635,906.4410276,TRUE
Ghana,GDP per capita usd,NY.GDP.PCAP.CD,2009,2009-01-01,1047.704301,1182.657613,-134.9533120000001,-11.411021289388183,1050.124615,FALSE
Ghana,GDP per capita usd,NY.GDP.PCAP.CD,2010,2010-01-01,1263.892518,1047.704301,216.18821700000012,20.634468789872816,1182.657613,FALSE
Ghana,GDP per capita usd,NY.GDP.PCAP.CD,2011,2011-01-01,1507.435732,1263.892518,243.5432139999998,19.269297866038936,1047.704301,FALSE
Ghana,GDP per capita usd,NY.GDP.PCAP.CD,2012,2012-01-01,1543.775242,1507.435732,36.33951000000002,2.410683867217765,1263.892518,TRUE
Ghana,GDP per capita usd,NY.GDP.PCAP.CD,2013,2013-01-01,2294.795847,1543.775242,751.0206049999999,48.648312563105605,1507.435732,FALSE
Ghana,GDP per capita usd,NY.GDP.PCAP.CD,2014,2014-01-01,1949.908329,2294.795847,-344.8875179999998,-15.029115485409008,1543.775242,FALSE
Ghana,GDP per capita usd,NY.GDP.PCAP.CD,2015,2015-01-01,1722.772828,1949.908329,-227.1355010000002,-11.648522016236805,2294.795847,FALSE
Ghana,GDP per capita usd,NY.GDP.PCAP.CD,2016,2016-01-01,1912.479913,1722.772828,189.707085,11.011729574364985,1949.908329,TRUE
Ghana,GDP per capita usd,NY.GDP.PCAP.CD,2017,2017-01-01,2012.286626,1912.479913,99.80671300000017,5.218706472238916,1722.772828,FALSE
Ghana,GDP per capita usd,NY.GDP.PCAP.CD,2018,2018-01-01,2195.32166,2012.286626,183.035034,9.09587290573187,1912.479913,FALSE
Ghana,GDP per capita usd,NY.GDP.PCAP.CD,2019,2019-01-01,2186.658227,2195.32166,-8.663433000000168,-0.3946316003642113,2012.286626,FALSE
Ghana,GDP per capita usd,NY.GDP.PCAP.CD,2020,2020-01-01,2195.454817,2186.658227,8.796589999999924,0.40228463192752634,2195.32166,TRUE
Ghana,GDP per capita usd,NY.GDP.PCAP.CD,2021,2021-01-01,2445.186625,2195.454817,249.731808,11.37494636948386,2186.658227,FALSE
Ghana,GDP per capita usd,NY.GDP.PCAP.CD,2022,2022-01-01,2229.891226,2445.186625,-215.29539899999963,-8.804865722672584,2195.454817,FALSE
Ghana,GDP per capita usd,NY.GDP.PCAP.CD,2023,2023-01-01,2383.904105,2229.891226,154.01287899999988,6.906744024293491,2445.186625,FALSE
Ghana,GDP per capita usd,NY.GDP.PCAP.CD,2024,2024-01-01,2405.794664,2383.904105,21.89055899999994,0.9182650826468516,2229.891226,TRUE
Ghana,Population_total,SP.POP.TOTL,1960,1960-01-01,6961215,NA,NA,NA,NA,TRUE
Ghana,Population_total,SP.POP.TOTL,1961,1961-01-01,7162667,6961215,201452,2.893920098718399,NA,FALSE
Ghana,Population_total,SP.POP.TOTL,1962,1962-01-01,7337375,7162667,174708,2.43914731761228,6961215,FALSE
Ghana,Population_total,SP.POP.TOTL,1963,1963-01-01,7514714,7337375,177339,2.4169270345321046,7162667,FALSE
Ghana,Population_total,SP.POP.TOTL,1964,1964-01-01,7695739,7514714,181025,2.408940646310691,7337375,FALSE
Ghana,Population_total,SP.POP.TOTL,1965,1965-01-01,7882606,7695739,186867,2.428187858242074,7514714,FALSE
Ghana,Population_total,SP.POP.TOTL,1966,1966-01-01,8074521,7882606,191915,2.4346643736855555,7695739,FALSE
Ghana,Population_total,SP.POP.TOTL,1967,1967-01-01,8271913,8074521,197392,2.444627984743615,7882606,FALSE
Ghana,Population_total,SP.POP.TOTL,1968,1968-01-01,8475729,8271913,203816,2.4639524134260116,8074521,FALSE
Ghana,Population_total,SP.POP.TOTL,1969,1969-01-01,8690383,8475729,214654,2.5325727143942425,8271913,TRUE
Ghana,Population_total,SP.POP.TOTL,1970,1970-01-01,8925813,8690383,235430,2.709086584561348,8475729,FALSE
Ghana,Population_total,SP.POP.TOTL,1971,1971-01-01,9176264,8925813,250451,2.8059180715526977,8690383,FALSE
Ghana,Population_total,SP.POP.TOTL,1972,1972-01-01,9438187,9176264,261923,2.854353362109024,8925813,FALSE
Ghana,Population_total,SP.POP.TOTL,1973,1973-01-01,9714617,9438187,276430,2.9288463981482886,9176264,FALSE
Ghana,Population_total,SP.POP.TOTL,1974,1974-01-01,10000523,9714617,285906,2.9430496333514746,9438187,FALSE
Ghana,Population_total,SP.POP.TOTL,1975,1975-01-01,10294308,10000523,293785,2.9376963584804514,9714617,FALSE
Ghana,Population_total,SP.POP.TOTL,1976,1976-01-01,10594913,10294308,300605,2.920108860158449,10000523,FALSE
Ghana,Population_total,SP.POP.TOTL,1977,1977-01-01,10911871,10594913,316958,2.991605499733693,10294308,FALSE
Ghana,Population_total,SP.POP.TOTL,1978,1978-01-01,11248450,10911871,336579,3.0845214354165296,10594913,FALSE
Ghana,Population_total,SP.POP.TOTL,1979,1979-01-01,11597255,11248450,348805,3.100916126221835,10911871,TRUE
Ghana,Population_total,SP.POP.TOTL,1980,1980-01-01,11941448,11597255,344193,2.967883348257842,11248450,FALSE
Ghana,Population_total,SP.POP.TOTL,1981,1981-01-01,12281712,11941448,340264,2.849436684730361,11597255,FALSE
Ghana,Population_total,SP.POP.TOTL,1982,1982-01-01,12643819,12281712,362107,2.9483430323068966,11941448,FALSE
Ghana,Population_total,SP.POP.TOTL,1983,1983-01-01,13029836,12643819,386017,3.0530095377037587,12281712,FALSE
Ghana,Population_total,SP.POP.TOTL,1984,1984-01-01,13370590,13029836,340754,2.615182570218075,12643819,FALSE
Ghana,Population_total,SP.POP.TOTL,1985,1985-01-01,13661229,13370590,290639,2.173718586838726,13029836,FALSE
Ghana,Population_total,SP.POP.TOTL,1986,1986-01-01,13965217,13661229,303988,2.225187792401401,13370590,FALSE
Ghana,Population_total,SP.POP.TOTL,1987,1987-01-01,14289108,13965217,323891,2.3192693676009473,13661229,FALSE
Ghana,Population_total,SP.POP.TOTL,1988,1988-01-01,14636568,14289108,347460,2.4316423390459363,13965217,FALSE
Ghana,Population_total,SP.POP.TOTL,1989,1989-01-01,15006813,14636568,370245,2.5295889036282273,14289108,FALSE
Ghana,Population_total,SP.POP.TOTL,1990,1990-01-01,15394648,15006813,387835,2.5843928354408097,14636568,FALSE
Ghana,Population_total,SP.POP.TOTL,1991,1991-01-01,15787496,15394648,392848,2.5518478889546548,15006813,FALSE
Ghana,Population_total,SP.POP.TOTL,1992,1992-01-01,16184855,15787496,397359,2.516922252901917,15394648,TRUE
Ghana,Population_total,SP.POP.TOTL,1993,1993-01-01,16589519,16184855,404664,2.500263363496306,15787496,FALSE
Ghana,Population_total,SP.POP.TOTL,1994,1994-01-01,16993190,16589519,403671,2.433289355767337,16184855,FALSE
Ghana,Population_total,SP.POP.TOTL,1995,1995-01-01,17399017,16993190,405827,2.388174321595886,16589519,FALSE
Ghana,Population_total,SP.POP.TOTL,1996,1996-01-01,17810181,17399017,411164,2.363144998363988,16993190,TRUE
Ghana,Population_total,SP.POP.TOTL,1997,1997-01-01,18238958,17810181,428777,2.4074825516933265,17399017,FALSE
Ghana,Population_total,SP.POP.TOTL,1998,1998-01-01,18688036,18238958,449078,2.46219109666243,17810181,FALSE
Ghana,Population_total,SP.POP.TOTL,1999,1999-01-01,19149864,18688036,461828,2.471249520281318,18238958,FALSE
Ghana,Population_total,SP.POP.TOTL,2000,2000-01-01,19637087,19149864,487223,2.5442634997303375,18688036,TRUE
Ghana,Population_total,SP.POP.TOTL,2001,2001-01-01,20167069,19637087,529982,2.698882986055926,19149864,FALSE
Ghana,Population_total,SP.POP.TOTL,2002,2002-01-01,20729388,20167069,562319,2.7883030498879138,19637087,FALSE
Ghana,Population_total,SP.POP.TOTL,2003,2003-01-01,21296705,20729388,567317,2.7367764065200575,20167069,FALSE
Ghana,Population_total,SP.POP.TOTL,2004,2004-01-01,21868298,21296705,571593,2.6839504045344103,20729388,TRUE
Ghana,Population_total,SP.POP.TOTL,2005,2005-01-01,22449438,21868298,581140,2.6574541832199285,21296705,FALSE
Ghana,Population_total,SP.POP.TOTL,2006,2006-01-01,23040702,22449438,591264,2.6337585822861134,21868298,FALSE
Ghana,Population_total,SP.POP.TOTL,2007,2007-01-01,23642279,23040702,601577,2.6109317328959856,22449438,FALSE
Ghana,Population_total,SP.POP.TOTL,2008,2008-01-01,24249946,23642279,607667,2.5702556001475156,23040702,TRUE
Ghana,Population_total,SP.POP.TOTL,2009,2009-01-01,24862664,24249946,612718,2.5266777913649787,23642279,FALSE
Ghana,Population_total,SP.POP.TOTL,2010,2010-01-01,25474995,24862664,612331,2.4628535381405627,24249946,FALSE
Ghana,Population_total,SP.POP.TOTL,2011,2011-01-01,26095088,25474995,620093,2.434124128385501,24862664,FALSE
Ghana,Population_total,SP.POP.TOTL,2012,2012-01-01,26734268,26095088,639180,2.4494264974312405,25474995,TRUE
Ghana,Population_total,SP.POP.TOTL,2013,2013-01-01,27386193,26734268,651925,2.438536936938015,26095088,FALSE
Ghana,Population_total,SP.POP.TOTL,2014,2014-01-01,28041592,27386193,655399,2.3931730854303117,26734268,FALSE
Ghana,Population_total,SP.POP.TOTL,2015,2015-01-01,28696068,28041592,654476,2.333947373601328,27386193,FALSE
Ghana,Population_total,SP.POP.TOTL,2016,2016-01-01,29356742,28696068,660674,2.3023154252352622,28041592,TRUE
Ghana,Population_total,SP.POP.TOTL,2017,2017-01-01,30008354,29356742,651612,2.219633227692637,28696068,FALSE
Ghana,Population_total,SP.POP.TOTL,2018,2018-01-01,30637585,30008354,629231,2.0968527630672447,29356742,FALSE
Ghana,Population_total,SP.POP.TOTL,2019,2019-01-01,31258945,30637585,621360,2.0280971884696526,30008354,FALSE
Ghana,Population_total,SP.POP.TOTL,2020,2020-01-01,31887809,31258945,628864,2.011788945532231,30637585,TRUE
Ghana,Population_total,SP.POP.TOTL,2021,2021-01-01,32518665,31887809,630856,1.9783610720949814,31258945,FALSE
Ghana,Population_total,SP.POP.TOTL,2022,2022-01-01,33149152,32518665,630487,1.9388465055376658,31887809,FALSE
Ghana,Population_total,SP.POP.TOTL,2023,2023-01-01,33787914,33149152,638762,1.9269331535238066,32518665,FALSE
Ghana,Population_total,SP.POP.TOTL,2024,2024-01-01,34427414,33787914,639500,1.8926886104895377,33149152,TRUE
